,title
GSM2978752,IPF
GSM2978753,IPF
GSM2978754,IPF
GSM2978755,IPF
GSM2978756,IPF
GSM2978757,IPF
GSM2978758,IPF
GSM2978759,IPF
GSM2978760,IPF
GSM2978761,IPF
GSM2978762,IPF
GSM2978763,IPF
GSM2978764,IPF
GSM2978765,IPF
GSM2978766,IPF
GSM2978767,IPF
GSM2978768,IPF
GSM2978769,IPF
GSM2978770,IPF
GSM2978771,IPF
GSM2978772,IPF
GSM2978773,IPF
GSM806204,IPF
GSM806205,IPF
GSM806207,IPF
GSM806208,IPF
GSM806209,IPF
GSM806210,IPF
GSM806212,IPF
GSM806214,IPF
GSM806216,IPF
GSM806219,IPF
GSM806220,IPF
GSM806221,IPF
GSM806222,IPF
GSM806223,IPF
GSM806225,IPF
GSM806226,IPF
GSM806227,IPF
GSM806228,IPF
GSM806229,IPF
GSM806230,IPF
GSM806231,IPF
GSM806232,IPF
GSM806234,IPF
GSM806235,IPF
GSM806236,IPF
GSM806237,IPF
GSM806238,IPF
GSM806239,IPF
GSM806240,IPF
GSM806241,IPF
GSM806242,IPF
GSM806243,IPF
GSM806247,IPF
GSM806250,IPF
GSM806251,IPF
GSM806252,IPF
GSM806253,IPF
GSM806254,IPF
GSM806255,IPF
GSM806257,IPF
GSM806258,IPF
GSM806259,IPF
GSM806260,IPF
GSM806261,IPF
GSM806262,IPF
GSM806263,IPF
GSM806264,IPF
GSM806267,IPF
GSM806268,IPF
GSM806269,IPF
GSM806273,IPF
GSM806274,IPF
GSM806275,IPF
GSM806276,IPF
GSM806277,IPF
GSM806278,IPF
GSM806279,IPF
GSM806281,IPF
GSM806284,IPF
GSM806285,IPF
GSM806286,IPF
GSM806287,IPF
GSM806290,IPF
GSM806291,IPF
GSM806292,IPF
GSM806293,IPF
GSM806294,IPF
GSM806297,IPF
GSM806298,IPF
GSM806299,IPF
GSM806300,IPF
GSM806301,IPF
GSM806302,IPF
GSM806305,IPF
GSM806306,IPF
GSM806307,IPF
GSM806308,IPF
GSM806309,IPF
GSM806310,IPF
GSM806313,IPF
GSM806314,IPF
GSM806315,IPF
GSM806316,IPF
GSM806318,IPF
GSM806320,IPF
GSM806321,IPF
GSM806322,IPF
GSM806324,IPF
GSM806327,IPF
GSM806329,IPF
GSM806330,IPF
GSM806332,IPF
GSM806333,IPF
GSM806335,IPF
GSM806336,IPF
GSM806338,IPF
GSM806339,IPF
GSM806340,IPF
GSM806342,IPF
GSM806344,IPF
GSM806346,IPF
GSM806349,IPF
GSM806351,IPF
GSM806352,IPF
GSM806354,IPF
GSM806355,IPF
GSM806356,IPF
GSM806357,IPF
GSM806358,IPF
GSM806359,IPF
GSM806361,IPF
GSM806362,IPF
GSM806363,IPF
GSM806364,IPF
GSM806365,IPF
GSM806366,IPF
GSM806368,IPF
GSM806369,IPF
GSM806370,IPF
GSM2978789,CTL
GSM2978790,CTL
GSM2978791,CTL
GSM2978792,CTL
GSM2978793,CTL
GSM2978794,CTL
GSM2978795,CTL
GSM2978796,CTL
GSM2978797,CTL
GSM2978798,CTL
GSM2978799,CTL
GSM806371,CTL
GSM806372,CTL
GSM806373,CTL
GSM806374,CTL
GSM806375,CTL
GSM806376,CTL
GSM806377,CTL
GSM806378,CTL
GSM806379,CTL
GSM806380,CTL
GSM806381,CTL
GSM806382,CTL
GSM806383,CTL
GSM806384,CTL
GSM806385,CTL
GSM806386,CTL
GSM806387,CTL
GSM806388,CTL
GSM806389,CTL
GSM806390,CTL
GSM806391,CTL
GSM806392,CTL
GSM806393,CTL
GSM806394,CTL
GSM806395,CTL
GSM806396,CTL
GSM806397,CTL
GSM806398,CTL
GSM806399,CTL
GSM806400,CTL
GSM806401,CTL
GSM806402,CTL
GSM806403,CTL
GSM806404,CTL
GSM806405,CTL
GSM806406,CTL
GSM806407,CTL
GSM806408,CTL
GSM806409,CTL
GSM806410,CTL
GSM806411,CTL
GSM806412,CTL
GSM806413,CTL
GSM806414,CTL
GSM806415,CTL
GSM806416,CTL
GSM806417,CTL
GSM806418,CTL
GSM806419,CTL
GSM806420,CTL
